{"cameraMode":{"drawMode":0,"name":"Shaded","section":"Shading Mode"},"sceneLighting":false,"audioPlay":false,"sceneViewState":{"showFog":true,"showMaterialUpdate":false,"showSkybox":false,"showFlares":true,"showImageEffects":true,"showParticleSystems":true},"in2DMode":false,"pivot":{"x":0.11423540115356446,"y":4.470399856567383,"z":-0.10434579849243164},"rotation":{"x":-0.06978443264961243,"y":-0.8599593043327332,"z":0.12233603000640869,"w":-0.490547239780426},"size":17.943260192871095,"orthographic":false}