{"cameraMode":{"drawMode":0,"name":"Shaded","section":"Shading Mode"},"sceneLighting":true,"audioPlay":false,"sceneViewState":{"showFog":true,"showMaterialUpdate":false,"showSkybox":true,"showFlares":true,"showImageEffects":true,"showParticleSystems":true},"in2DMode":false,"pivot":{"x":-18.677398681640626,"y":12.257265090942383,"z":21.64657211303711},"rotation":{"x":-0.29035088419914248,"y":-0.08540574461221695,"z":0.026027705520391465,"w":-0.952747642993927},"size":22.0,"orthographic":false}