{"cameraMode":{"drawMode":0,"name":"Shaded","section":"Shading Mode"},"sceneLighting":true,"audioPlay":false,"sceneViewState":{"showFog":true,"showMaterialUpdate":false,"showSkybox":true,"showFlares":true,"showImageEffects":true,"showParticleSystems":true},"in2DMode":false,"pivot":{"x":391.45977783203127,"y":-106.22674560546875,"z":602.72265625},"rotation":{"x":-0.29035088419914248,"y":-0.08540574461221695,"z":0.026027705520391465,"w":-0.952747642993927},"size":1276.0958251953125,"orthographic":false}