{"cameraMode":{"drawMode":0,"name":"Shaded","section":"Shading Mode"},"sceneLighting":true,"audioPlay":false,"sceneViewState":{"showFog":true,"showMaterialUpdate":false,"showSkybox":true,"showFlares":true,"showImageEffects":true,"showParticleSystems":true},"in2DMode":false,"pivot":{"x":166.5241241455078,"y":34.178070068359378,"z":538.4359741210938},"rotation":{"x":-0.15396231412887574,"y":0.05391751602292061,"z":-0.00841427966952324,"w":-0.9865685701370239},"size":1120.613037109375,"orthographic":false}