{"cameraMode":{"drawMode":0,"name":"Shaded","section":"Shading Mode"},"sceneLighting":true,"audioPlay":false,"sceneViewState":{"showFog":true,"showMaterialUpdate":false,"showSkybox":true,"showFlares":true,"showImageEffects":true,"showParticleSystems":true},"in2DMode":false,"pivot":{"x":323.2607116699219,"y":93.0765380859375,"z":97.30970001220703},"rotation":{"x":0.000015882986190263182,"y":0.9986061453819275,"z":-0.05278501287102699,"w":0.0003005980106536299},"size":35.319976806640628,"orthographic":false}