{"cameraMode":{"drawMode":0,"name":"Shaded","section":"Shading Mode"},"sceneLighting":true,"audioPlay":false,"sceneViewState":{"showFog":true,"showMaterialUpdate":false,"showSkybox":true,"showFlares":true,"showImageEffects":true,"showParticleSystems":true},"in2DMode":false,"pivot":{"x":85.03366088867188,"y":2.7627029418945314,"z":67.81785583496094},"rotation":{"x":-0.29438579082489016,"y":-0.13219843804836274,"z":0.041156113147735599,"w":-0.9456047415733337},"size":154.4077911376953,"orthographic":false}